Index,Signal,Players,Current Crash,Prev Crash,Pool (SOL),Overall Cashout,System PNL,Time,Success
1,WAIT,12,4.52,1.67,0.394,0.4471,-0.0536,2026-06-15T09:46:01.000Z,0
2,WAIT,13,1.67,1.04,0.382,0.1380,0.2435,2026-06-15T09:45:11.000Z,1
3,WAIT,13,1.04,1.08,0.370,0,0.3705,2026-06-15T09:44:37.000Z,1
4,WAIT,11,1.08,3.02,0.441,0.0322,0.4085,2026-06-15T09:44:12.000Z,1
5,WAIT,11,3.02,2.49,0.441,0.5669,-0.1262,2026-06-15T09:43:44.000Z,0
6,BET,11,2.49,2.70,0.312,0.1414,0.1709,2026-06-15T09:43:01.000Z,0
7,BET,11,2.70,6.90,0.312,0.3724,-0.0601,2026-06-15T09:42:20.000Z,1
8,BET,8,6.90,2.28,0.203,0.1582,0.0446,2026-06-15T09:41:39.000Z,1
9,BET,10,2.28,6.17,0.268,0.0436,0.2242,2026-06-15T09:40:42.000Z,0
10,BET,10,6.17,4.03,0.268,0.0543,0.2135,2026-06-15T09:40:02.000Z,1
11,BET,8,4.03,7.47,0.220,0.0418,0.1780,2026-06-15T09:39:06.000Z,1
12,WAIT,6,7.47,1.96,0.220,0.3373,-0.1175,2026-06-15T09:38:18.000Z,0
13,WAIT,5,1.96,1.68,0.071,0.0425,0.0282,2026-06-15T09:37:19.000Z,1
14,WAIT,5,1.68,3.70,0.238,0.0427,0.1957,2026-06-15T09:36:42.000Z,1
15,WAIT,5,3.70,11.22,0.241,0.5731,-0.3323,2026-06-15T09:36:08.000Z,0
16,BET,7,11.22,1.35,0.295,0.4614,-0.1667,2026-06-15T09:35:21.000Z,1
17,BET,7,1.35,3.96,0.295,0.0273,0.2674,2026-06-15T09:34:16.000Z,0
18,BET,7,3.96,1.02,0.247,0.0128,0.2342,2026-06-15T09:33:46.000Z,1
19,WAIT,7,1.02,1.00,0.371,0,0.3714,2026-06-15T09:32:59.000Z,1
20,WAIT,7,1.00,13.79,0.371,0,0.3714,2026-06-15T09:32:32.000Z,1
21,WAIT,6,13.79,1.15,0.103,0.0303,0.0730,2026-06-15T09:32:06.000Z,0
22,BET,7,1.15,5.63,0.271,0.0303,0.2402,2026-06-15T09:30:58.000Z,0
23,BET,7,5.63,7.01,0.307,0.0653,0.2421,2026-06-15T09:30:30.000Z,1
24,WAIT,7,7.01,5.44,0.368,0.2468,0.1210,2026-06-15T09:29:36.000Z,0
25,WAIT,7,5.44,1.51,0.368,0.0303,0.3375,2026-06-15T09:28:40.000Z,0
26,WAIT,10,1.51,3.12,0.929,0.0930,0.8361,2026-06-15T09:27:45.000Z,1
27,WAIT,10,3.12,4.65,1.055,0.7745,0.2805,2026-06-15T09:27:13.000Z,0
28,WAIT,7,4.65,1.00,1.055,1.6918,-0.6368,2026-06-15T09:26:30.000Z,0
29,WAIT,7,1.00,1.80,0.864,0,0.8639,2026-06-15T09:25:40.000Z,1
30,WAIT,7,1.80,1.44,0.864,0.3541,0.5098,2026-06-15T09:25:13.000Z,1
31,WAIT,5,1.44,1.18,0.438,0.0831,0.3552,2026-06-15T09:24:39.000Z,1
32,WAIT,12,1.18,1.72,0.705,0.0404,0.6642,2026-06-15T09:24:08.000Z,1
33,WAIT,13,1.72,22.02,1.064,0.6084,0.4552,2026-06-15T09:23:40.000Z,1
34,WAIT,6,22.02,53.71,0.504,0.0566,0.4474,2026-06-15T09:23:06.000Z,0
35,WAIT,6,53.71,1.88,0.423,0.7644,-0.3416,2026-06-15T09:21:49.000Z,0
36,WAIT,6,1.88,8.93,0.621,0.0167,0.6041,2026-06-15T09:20:18.000Z,1
37,WAIT,7,8.93,1.43,0.621,0.1037,0.5171,2026-06-15T09:19:42.000Z,0
38,WAIT,8,1.43,1.75,1.123,0.0589,1.0636,2026-06-15T09:18:41.000Z,1
39,WAIT,7,1.75,2.05,0.382,0.0443,0.3372,2026-06-15T09:18:10.000Z,1
40,WAIT,6,2.05,2.80,1.538,0.0437,1.4942,2026-06-15T09:17:35.000Z,1
41,WAIT,6,2.80,1.41,1.538,0.0426,1.4953,2026-06-15T09:16:58.000Z,0
42,WAIT,5,1.41,1.83,0.308,0.0647,0.2430,2026-06-15T09:16:16.000Z,1
43,BET,7,1.83,1.56,0.308,0.0416,0.2661,2026-06-15T09:15:46.000Z,0
44,BET,7,1.56,28.56,0.271,0.0450,0.2262,2026-06-15T09:15:11.000Z,0
45,WAIT,7,28.56,5.79,0.622,0.9398,-0.3175,2026-06-15T09:14:39.000Z,0
46,WAIT,7,5.79,5.25,0.500,0.2792,0.2207,2026-06-15T09:13:18.000Z,0
47,BET,7,5.25,1.25,0.292,0.0643,0.2277,2026-06-15T09:12:24.000Z,1
48,WAIT,4,1.25,3.87,0.292,0.0358,0.2562,2026-06-15T09:11:31.000Z,1
49,WAIT,4,3.87,5.70,0.280,0.2097,0.0706,2026-06-15T09:11:02.000Z,0
50,WAIT,7,5.70,4.31,0.907,0.2819,0.6248,2026-06-15T09:10:15.000Z,0
51,WAIT,7,4.31,3.82,0.907,1.4417,-0.5350,2026-06-15T09:09:21.000Z,0
52,WAIT,7,3.82,60.83,1.098,1.0780,0.0200,2026-06-15T09:08:31.000Z,0
53,WAIT,6,60.83,1.05,0.712,2.0250,-1.3127,2026-06-15T09:07:44.000Z,0
54,WAIT,5,1.05,3.57,0.101,0,0.1009,2026-06-15T09:06:10.000Z,1
55,WAIT,7,3.57,1.71,0.724,0.9491,-0.2253,2026-06-15T09:05:45.000Z,0
56,WAIT,7,1.71,1.59,0.497,0.1011,0.3955,2026-06-15T09:04:58.000Z,1
57,WAIT,7,1.59,1.20,0.497,0.1139,0.3827,2026-06-15T09:04:24.000Z,1
58,WAIT,8,1.20,1.10,0.375,0.0782,0.2965,2026-06-15T09:03:52.000Z,1
59,WAIT,8,1.10,1.08,0.375,0.1078,0.2669,2026-06-15T09:03:24.000Z,1
60,BET,8,1.08,1.55,0.282,0.0868,0.1950,2026-06-15T09:02:56.000Z,0
61,BET,8,1.55,1.29,0.326,0.0871,0.2386,2026-06-15T09:02:30.000Z,0
62,BET,8,1.29,1.20,0.326,0.0303,0.2954,2026-06-15T09:01:57.000Z,0
63,BET,8,1.20,1.00,0.185,0.0303,0.1544,2026-06-15T09:01:29.000Z,0
64,BET,7,1.00,10.96,0.185,0,0.1847,2026-06-15T09:00:59.000Z,0
65,WAIT,6,10.96,1.62,0.083,0.0605,0.0227,2026-06-15T09:00:33.000Z,0
66,WAIT,8,1.62,3.54,0.719,0.0253,0.6938,2026-06-15T08:59:28.000Z,1
67,WAIT,9,3.54,4.69,0.732,0.0023,0.7299,2026-06-15T08:58:54.000Z,0
68,WAIT,11,4.69,1.43,0.732,1.5352,-0.8030,2026-06-15T08:58:08.000Z,0
69,WAIT,11,1.43,1.00,0.522,0.0162,0.5054,2026-06-15T08:57:18.000Z,1
70,WAIT,10,1.00,2.26,0.476,0,0.4765,2026-06-15T08:56:53.000Z,1
71,BET,14,2.26,2.82,0.184,0.0631,0.1209,2026-06-15T08:56:22.000Z,0
72,WAIT,15,2.82,1.33,0.580,0.1238,0.4564,2026-06-15T08:55:43.000Z,0
73,WAIT,13,1.33,12.33,0.576,0.0565,0.5196,2026-06-15T08:55:00.000Z,1
74,WAIT,11,12.33,1.26,0.576,0.9181,-0.3420,2026-06-15T08:54:31.000Z,0
75,WAIT,12,1.26,1.49,0.548,0.0899,0.4585,2026-06-15T08:53:25.000Z,1
76,WAIT,12,1.49,1.55,0.548,0.4946,0.0538,2026-06-15T08:52:57.000Z,1
77,BET,9,1.55,2.08,0.100,0.0334,0.0663,2026-06-15T08:52:25.000Z,0
78,WAIT,8,2.08,5.31,0.634,0.5016,0.1324,2026-06-15T08:51:52.000Z,1
79,WAIT,8,5.31,1.14,0.637,0.7752,-0.1381,2026-06-15T08:51:14.000Z,0
80,WAIT,6,1.14,34.79,0.080,0,0.0801,2026-06-15T08:50:22.000Z,1
81,WAIT,4,34.79,6.09,0.054,0.8592,-0.8048,2026-06-15T08:49:55.000Z,0
82,WAIT,6,6.09,2.93,0.072,0.0153,0.0565,2026-06-15T08:48:30.000Z,0
83,WAIT,6,2.93,18.74,0.374,0.0220,0.3525,2026-06-15T08:47:36.000Z,0
84,WAIT,8,18.74,2.37,0.424,0.2772,0.1473,2026-06-15T08:46:53.000Z,0
85,BET,8,2.37,2.91,0.097,0.0167,0.0798,2026-06-15T08:45:39.000Z,0
86,WAIT,6,2.91,1.00,0.575,0.2233,0.3512,2026-06-15T08:44:59.000Z,0
87,WAIT,6,1.00,1.21,0.575,0,0.5745,2026-06-15T08:44:17.000Z,1
88,WAIT,4,1.21,2.67,0.082,0.0101,0.0720,2026-06-15T08:43:51.000Z,1
89,WAIT,7,2.67,1.22,0.541,0.0164,0.5251,2026-06-15T08:43:23.000Z,0
90,WAIT,7,1.22,3.43,0.541,0.0101,0.5314,2026-06-15T08:42:42.000Z,1
91,BET,7,3.43,2.62,0.148,0.7447,-0.5969,2026-06-15T08:42:14.000Z,1
92,WAIT,8,2.62,1.90,1.559,0.0116,1.5471,2026-06-15T08:41:28.000Z,0
93,WAIT,11,1.90,1.38,1.559,0.3472,1.2115,2026-06-15T08:40:47.000Z,1
94,WAIT,11,1.38,68.80,1.245,0.0234,1.2220,2026-06-15T08:40:12.000Z,1
95,WAIT,9,68.80,2.32,0.921,0.1805,0.7409,2026-06-15T08:39:41.000Z,0
96,WAIT,9,2.32,1.46,0.921,0.0221,0.8993,2026-06-15T08:38:06.000Z,1
97,WAIT,9,1.46,1.07,1.259,0.4551,0.8037,2026-06-15T08:37:27.000Z,1
98,WAIT,9,1.07,3.05,1.259,0.0101,1.2487,2026-06-15T08:36:56.000Z,1
99,WAIT,10,3.05,1.53,1.059,0.1382,0.9206,2026-06-15T08:36:30.000Z,0
100,WAIT,10,1.53,1.00,1.059,0.0185,1.0403,2026-06-15T08:35:46.000Z,1
101,WAIT,8,1.00,1.54,1.462,0,1.4623,2026-06-15T08:35:14.000Z,1
102,WAIT,10,1.54,1.00,0.890,0.0013,0.8890,2026-06-15T08:34:48.000Z,1
103,WAIT,10,1.00,1.49,0.890,0,0.8903,2026-06-15T08:34:18.000Z,1
104,WAIT,13,1.49,2.17,3.176,0,3.1765,2026-06-15T08:33:52.000Z,1
105,WAIT,13,2.17,1.61,3.176,0.0013,3.1752,2026-06-15T08:33:19.000Z,1
106,WAIT,10,1.61,1.00,0.959,0.0065,0.9526,2026-06-15T08:32:41.000Z,1
107,WAIT,8,1.00,3.66,1.130,0,1.1304,2026-06-15T08:32:08.000Z,1
108,WAIT,5,3.66,1.16,1.130,0.0182,1.1122,2026-06-15T08:31:43.000Z,0
109,WAIT,6,1.16,2.12,1.112,0,1.1120,2026-06-15T08:30:56.000Z,1
110,WAIT,7,2.12,2.87,0.821,0.7556,0.0658,2026-06-15T08:30:29.000Z,1
111,WAIT,8,2.87,1.49,0.821,0,0.8214,2026-06-15T08:29:51.000Z,0
112,WAIT,9,1.49,4.91,2.124,0.0331,2.0912,2026-06-15T08:29:09.000Z,1
113,WAIT,7,4.91,3.68,2.124,4.0953,-1.9710,2026-06-15T08:28:35.000Z,0
114,WAIT,5,3.68,3.96,0.148,0.0471,0.1014,2026-06-15T08:27:44.000Z,0
115,WAIT,5,3.96,2.49,0.096,0.0496,0.0467,2026-06-15T08:26:58.000Z,0
116,WAIT,6,2.49,9.70,0.124,0.3600,-0.2359,2026-06-15T08:26:11.000Z,1
117,WAIT,7,9.70,3.92,0.672,0.1034,0.5687,2026-06-15T08:25:29.000Z,0
118,WAIT,7,3.92,1.39,0.677,0.1296,0.5470,2026-06-15T08:24:26.000Z,0
119,WAIT,9,1.39,1.06,0.677,0.0128,0.6638,2026-06-15T08:23:38.000Z,1
120,BET,9,1.06,4.69,0.187,0,0.1867,2026-06-15T08:23:08.000Z,0
121,BET,7,4.69,23.89,0.271,0.0181,0.2530,2026-06-15T08:22:42.000Z,1
122,WAIT,7,23.89,2.33,0.717,0.0172,0.6995,2026-06-15T08:21:52.000Z,0
123,BET,14,2.33,1.23,1.154,0.0051,1.1491,2026-06-15T08:20:33.000Z,0
124,WAIT,14,1.23,3.45,1.265,0.0120,1.2528,2026-06-15T08:19:55.000Z,1
125,WAIT,10,3.45,2.72,1.265,1.1811,0.0837,2026-06-15T08:19:26.000Z,0
126,WAIT,11,2.72,2.69,0.576,0,0.5760,2026-06-15T08:18:40.000Z,0
127,WAIT,12,2.69,8.51,0.895,0.5489,0.3459,2026-06-15T08:17:58.000Z,0
128,WAIT,10,8.51,11.28,0.895,1.3869,-0.4921,2026-06-15T08:17:17.000Z,0
129,BET,8,11.28,1.58,0.325,0.6649,-0.3404,2026-06-15T08:16:16.000Z,1
130,WAIT,9,1.58,1.72,0.866,0.0233,0.8428,2026-06-15T08:15:11.000Z,1
131,WAIT,9,1.72,3.22,0.866,0.9485,-0.0824,2026-06-15T08:14:38.000Z,1
132,WAIT,7,3.22,1.06,0.860,1.2303,-0.3699,2026-06-15T08:14:04.000Z,0
133,WAIT,6,1.06,9.66,0.243,0,0,2026-06-15T08:13:18.000Z,1
134,WAIT,9,9.66,2.46,0.589,0.0618,0,2026-06-15T08:12:52.000Z,0
135,WAIT,9,2.46,9.50,0.589,0.3450,0,2026-06-15T08:11:50.000Z,1
136,WAIT,8,9.50,5.93,0.584,0.8849,0,2026-06-15T08:11:09.000Z,0
137,WAIT,8,5.93,3.70,0.988,0.2801,0,2026-06-15T08:10:07.000Z,0
138,WAIT,6,3.70,1.39,0.988,1.6529,0,2026-06-15T08:09:12.000Z,0
139,WAIT,6,1.39,1.24,0.632,0.0203,0,2026-06-15T08:08:25.000Z,1
140,WAIT,5,1.24,1.11,0.383,0.0101,0,2026-06-15T08:07:55.000Z,1
141,WAIT,6,1.11,1.94,0.364,0.0050,0,2026-06-15T08:07:26.000Z,1
142,WAIT,8,1.94,1.09,0.426,0.1656,0,2026-06-15T08:07:00.000Z,1
143,WAIT,8,1.09,1.32,0.464,0.0099,0,2026-06-15T08:06:24.000Z,1
144,WAIT,8,1.32,3.56,0.464,0.3718,0,2026-06-15T08:05:57.000Z,1
145,WAIT,11,3.56,1.16,0.627,0.4094,0,2026-06-15T08:05:28.000Z,0
146,WAIT,11,1.16,2.04,0.798,0.0146,0,2026-06-15T08:04:41.000Z,1
147,WAIT,11,2.04,7.16,0.798,0.1805,0,2026-06-15T08:04:13.000Z,1
148,WAIT,11,7.16,1.00,0.705,0.6132,0,2026-06-15T08:03:37.000Z,0
149,WAIT,11,1.00,1.02,0.705,0,0,2026-06-15T08:02:40.000Z,1
150,WAIT,14,1.02,1.23,0.734,0,0,2026-06-15T08:02:15.000Z,1
151,WAIT,14,1.23,8.66,0.734,0.0093,0,2026-06-15T08:01:50.000Z,1
152,WAIT,11,8.66,5.16,0.476,0.9449,0,2026-06-15T08:01:21.000Z,0
153,WAIT,11,5.16,3.47,0.476,1.0542,0,2026-06-15T08:00:20.000Z,0
154,BET,9,3.47,29.35,0.329,0.0887,0,2026-06-15T07:59:28.000Z,1
155,BET,10,29.35,24.78,0.283,0.0725,0,2026-06-15T07:58:42.000Z,1
156,BET,9,24.78,1.07,0.283,0.8917,0,2026-06-15T07:57:21.000Z,1
157,BET,9,1.07,36.32,0.278,0.0060,0,2026-06-15T07:56:03.000Z,0
158,BET,8,36.32,1.47,0.276,0.5171,0,2026-06-15T07:55:37.000Z,1
159,BET,10,1.47,5.80,0.250,0.0261,0,2026-06-15T07:54:12.000Z,0
160,BET,10,5.80,1.00,0.202,0.2673,0,2026-06-15T07:53:41.000Z,1
161,BET,7,1.00,1.94,0.125,0,0,2026-06-15T07:52:47.000Z,0
162,BET,6,1.94,30.35,0.061,0.0398,0,2026-06-15T07:52:22.000Z,0
163,BET,5,30.35,1.80,0.061,0.3104,0,2026-06-15T07:51:46.000Z,1
164,BET,5,1.80,2.07,0.108,0,0,2026-06-15T07:50:24.000Z,0
165,WAIT,8,2.07,3.70,0.392,0.0120,0,2026-06-15T07:49:48.000Z,1
166,WAIT,8,3.70,2.00,0.603,1.1069,0,2026-06-15T07:49:11.000Z,0
167,WAIT,8,2.00,2.80,0.603,0.0154,0,2026-06-15T07:48:25.000Z,1
168,WAIT,7,2.80,1.13,0.364,0.3305,0,2026-06-15T07:47:49.000Z,0
169,BET,7,1.13,4.23,0.248,0.0211,0,2026-06-15T07:47:06.000Z,0
170,BET,7,4.23,1.23,0.155,0.0179,0,2026-06-15T07:46:39.000Z,1
171,BET,8,1.23,2.17,0.155,0,0,2026-06-15T07:45:49.000Z,0
172,BET,8,2.01,14.98,0.231,0.1903,0,2026-06-15T07:40:16.000Z,0
173,WAIT,6,14.98,3.13,0.380,1.2057,0,2026-06-15T07:39:40.000Z,0
174,WAIT,8,3.13,1.16,0.380,0.0030,0,2026-06-15T07:38:29.000Z,0
175,BET,8,1.16,2.00,0.285,0.0101,0,2026-06-15T07:37:43.000Z,0
176,BET,6,2.00,1.08,0.285,0.0194,0,2026-06-15T07:37:15.000Z,0
177,WAIT,6,1.08,6.75,0.543,0,0,2026-06-15T07:36:38.000Z,1
178,WAIT,6,6.75,1.75,0.543,0.9592,0,2026-06-15T07:36:13.000Z,0
179,BET,7,1.75,2.34,0.280,0.3000,0,2026-06-15T07:35:16.000Z,0
180,BET,7,2.34,1.11,0.186,0.0120,0,2026-06-15T07:34:42.000Z,0
181,BET,6,1.11,2.10,0.186,0,0,2026-06-15T07:34:02.000Z,0
182,WAIT,5,2.10,2.98,0.842,0,0,2026-06-15T07:33:35.000Z,1
183,WAIT,6,2.98,1.68,0.842,0.7823,0,2026-06-15T07:32:58.000Z,0
184,WAIT,6,1.68,3.53,0.351,0.0104,0,2026-06-15T07:32:14.000Z,1
185,BET,4,3.53,12.46,0.184,0,0,2026-06-15T07:31:40.000Z,1
186,BET,4,12.46,1.48,0.191,0.5473,0,2026-06-15T07:30:53.000Z,1
187,BET,6,1.48,2.75,0.247,0,0,2026-06-15T07:29:46.000Z,0
188,WAIT,7,2.75,1.76,0.355,0.1521,0,2026-06-15T07:29:13.000Z,0
189,WAIT,8,1.76,4.83,0.430,0.0521,0,2026-06-15T07:28:31.000Z,1
190,WAIT,5,4.83,1.37,0.353,0.1526,0,2026-06-15T07:27:57.000Z,0
191,BET,7,1.37,1.21,0.136,0,0,2026-06-15T07:27:05.000Z,0
192,BET,7,1.21,18.02,0.136,0,0,2026-06-15T07:26:34.000Z,0
193,BET,7,18.02,177.57,0.130,0,0,2026-06-15T07:26:05.000Z,1
194,BET,8,177.57,5.43,0.139,0.3325,0,2026-06-15T07:24:52.000Z,1
195,WAIT,9,5.43,8.92,0.342,0.5026,0,2026-06-15T07:23:02.000Z,0
196,WAIT,8,8.92,1.91,0.342,0.7677,0,2026-06-15T07:22:08.000Z,0
197,BET,6,1.91,1.04,0.211,0.0492,0,2026-06-15T07:21:07.000Z,0
198,BET,5,1.04,1.45,0.189,0,0,2026-06-15T07:20:32.000Z,0
199,BET,5,1.45,1.75,0.242,0,0,2026-06-15T07:20:06.000Z,0
200,BET,5,1.75,3.31,0.242,0.0120,0,2026-06-15T07:19:35.000Z,0
201,WAIT,9,3.31,3.16,0.460,0.0780,0,2026-06-15T07:19:01.000Z,0
202,WAIT,9,3.16,1.03,0.460,0.4268,0,2026-06-15T07:18:15.000Z,0
203,WAIT,7,1.03,2.55,0.302,0,0,2026-06-15T07:17:31.000Z,1
204,WAIT,7,2.55,1.59,0.302,0.0120,0,2026-06-15T07:17:06.000Z,0
205,BET,5,1.59,2.87,0.273,0.2250,0,2026-06-15T07:16:26.000Z,0
206,BET,5,2.87,1.88,0.251,0.4613,0,2026-06-15T07:15:53.000Z,1
207,BET,9,1.88,1.32,0.276,0.2831,0,2026-06-15T07:15:11.000Z,0
208,BET,9,1.32,1.01,0.276,0.0628,0,2026-06-15T07:14:35.000Z,0
209,WAIT,8,1.01,2.84,0.327,0,0,2026-06-15T07:14:05.000Z,1
210,WAIT,7,2.84,16.65,0.373,0.5497,0,2026-06-15T07:13:41.000Z,0
211,WAIT,6,16.65,8.76,0.373,0.8551,0,2026-06-15T07:12:58.000Z,0
212,BET,4,8.76,3.01,0.087,0.1979,0,2026-06-15T07:11:46.000Z,1
213,WAIT,12,4.02,1.59,0.565,0.0339,0,2026-06-15T07:02:27.000Z,0
214,WAIT,11,1.59,1.57,0.565,0.0802,0,2026-06-15T07:01:39.000Z,1
215,WAIT,9,1.57,2.66,0.305,0.0645,0,2026-06-15T07:01:06.000Z,1
216,BET,9,2.66,2.00,0.274,0.0861,0,2026-06-15T07:00:34.000Z,1
217,BET,4,2.00,13.87,0.025,0.0050,0,2026-06-15T06:59:52.000Z,0
218,WAIT,10,13.87,1.02,0.463,0.0751,0,2026-06-15T06:59:16.000Z,0
219,WAIT,11,1.02,1.42,0.566,0,0,2026-06-15T06:58:08.000Z,1
220,WAIT,12,1.42,2.35,0.566,0.2972,0,2026-06-15T06:57:41.000Z,1
221,WAIT,12,2.35,3.24,0.569,0.5721,0,2026-06-15T06:57:10.000Z,1
222,WAIT,12,3.24,2.14,0.569,0.3163,0,2026-06-15T06:56:30.000Z,0
223,WAIT,9,2.14,1.35,0.530,0.0010,0,2026-06-15T06:55:45.000Z,1
224,WAIT,9,1.35,2.52,0.530,0.0060,0,2026-06-15T06:55:07.000Z,1
225,WAIT,9,2.52,1.83,0.424,0.0814,0,2026-06-15T06:54:37.000Z,0
226,WAIT,11,1.83,1.00,1.655,0.0040,0,2026-06-15T06:53:57.000Z,1
227,WAIT,11,1.00,3.63,1.655,0,0,2026-06-15T06:53:22.000Z,1
228,WAIT,11,3.63,1.13,0.722,0.0321,0,2026-06-15T06:52:56.000Z,0
229,WAIT,13,1.13,2.49,0.944,0,0,2026-06-15T06:52:09.000Z,1
230,WAIT,14,2.49,2.68,1.746,0.4066,0,2026-06-15T06:51:42.000Z,1
231,WAIT,10,2.68,7.66,1.746,1.3227,0,2026-06-15T06:51:02.000Z,0
232,WAIT,13,7.66,3.44,1.118,0.7710,0,2026-06-15T06:50:20.000Z,0
233,BET,16,3.44,1.46,1.571,1.3325,0,2026-06-15T06:49:21.000Z,1
234,BET,16,1.46,1.55,1.571,1.0963,0,2026-06-15T06:48:36.000Z,0
235,WAIT,13,1.55,1.07,1.204,1.0854,0,2026-06-15T06:48:05.000Z,1
236,WAIT,13,1.07,1.79,0.893,0,0,2026-06-15T06:47:32.000Z,1
237,WAIT,13,1.79,1.65,0.893,0.4212,0,2026-06-15T06:47:06.000Z,1
238,WAIT,13,1.65,1.60,0.692,0.3859,0,2026-06-15T06:46:31.000Z,1
239,WAIT,14,1.60,1.44,0.499,0.3568,0,2026-06-15T06:45:58.000Z,1
240,WAIT,14,1.44,3.72,0.400,0.1327,0,2026-06-15T06:45:25.000Z,1
241,WAIT,11,3.72,1.00,0.400,0.2401,0,2026-06-15T06:44:54.000Z,0
242,WAIT,11,1.00,1.69,0.353,0,0,2026-06-15T06:44:08.000Z,1
243,WAIT,11,1.69,3.36,0.353,0.2027,0,2026-06-15T06:43:42.000Z,1
244,WAIT,11,3.36,5.64,1.160,0.2230,0,2026-06-15T06:43:09.000Z,0
245,WAIT,11,5.64,2.11,1.160,1.3452,0,2026-06-15T06:42:24.000Z,0
246,WAIT,11,2.11,3.31,1.256,0,0,2026-06-15T06:41:29.000Z,1
247,WAIT,10,3.31,1.03,1.256,1.2775,0,2026-06-15T06:40:50.000Z,0
248,WAIT,8,1.03,1.07,0.748,0,0,2026-06-15T06:40:05.000Z,1
249,WAIT,13,1.07,2.33,0.977,0,0,2026-06-15T06:39:39.000Z,1
250,WAIT,13,2.33,1.08,0.977,0.2885,0,2026-06-15T06:39:13.000Z,1
251,WAIT,11,1.08,2.49,0.303,0.0050,0,2026-06-15T06:38:34.000Z,1
252,WAIT,11,2.49,1.36,0.354,0.2879,0,2026-06-15T06:38:07.000Z,1
253,WAIT,12,1.36,3.28,0.441,0.2100,0,2026-06-15T06:37:27.000Z,1
254,WAIT,16,3.28,2.57,0.675,0.2146,0,2026-06-15T06:36:57.000Z,0
255,WAIT,16,2.57,1.73,0.675,0.2468,0,2026-06-15T06:36:13.000Z,0
256,WAIT,13,1.73,161.65,0.432,0.0120,0,2026-06-15T06:35:32.000Z,1
257,WAIT,12,161.65,1.29,0.385,0.5825,0,2026-06-15T06:34:57.000Z,0
258,BET,10,1.29,1.24,0.185,0.0166,0,2026-06-15T06:32:38.000Z,0
259,WAIT,10,1.24,1.70,1.095,0,0,2026-06-15T06:32:09.000Z,1
260,WAIT,9,1.70,1.04,1.095,1.0723,0,2026-06-15T06:31:40.000Z,1
261,WAIT,9,1.04,1.10,0.333,0,0,2026-06-15T06:31:06.000Z,1
262,WAIT,10,1.10,1.39,0.401,0,0,2026-06-15T06:30:41.000Z,1
263,WAIT,10,1.39,1.69,0.401,0.0101,0,2026-06-15T06:30:14.000Z,1
264,WAIT,9,1.69,1.53,0.405,0,0,2026-06-15T06:29:44.000Z,1
265,WAIT,9,1.53,1.21,0.405,0.0721,0,2026-06-15T06:29:09.000Z,1
266,BET,12,1.21,1.07,0.221,0,0,2026-06-15T06:28:38.000Z,0
267,BET,12,1.07,1.18,0.221,0,0,2026-06-15T06:28:08.000Z,0
268,BET,10,1.18,1.61,0.204,0,0,2026-06-15T06:27:41.000Z,0
269,BET,10,1.61,1.77,0.204,0.0610,0,2026-06-15T06:27:14.000Z,0
270,BET,10,1.77,2.27,0.162,0.0045,0,2026-06-15T06:26:41.000Z,0
271,BET,10,2.27,1.43,0.206,0.0047,0,2026-06-15T06:26:05.000Z,0
272,BET,9,1.43,2.45,0.269,0.0744,0,2026-06-15T06:25:26.000Z,0
273,WAIT,9,2.45,1.76,3.055,0.0160,0,2026-06-15T06:24:55.000Z,1
274,WAIT,13,1.76,1.33,3.055,0.0096,0,2026-06-15T06:24:16.000Z,1
275,WAIT,13,1.33,1.53,1.153,0,0,2026-06-15T06:23:42.000Z,1
276,BET,10,1.53,3.66,0.206,0.0060,0,2026-06-15T06:23:12.000Z,0
277,WAIT,8,3.66,3.47,1.106,0.0027,0,2026-06-15T06:22:40.000Z,0
278,WAIT,10,3.47,1.63,1.106,0.0027,0,2026-06-15T06:21:53.000Z,0
279,WAIT,11,1.63,1.81,3.964,0.0021,0,2026-06-15T06:21:07.000Z,1
280,WAIT,9,1.81,1.44,3.156,0.0056,0,2026-06-15T06:20:34.000Z,1
281,WAIT,9,1.44,3.20,3.156,0.0239,0,2026-06-15T06:19:59.000Z,1
282,WAIT,9,3.20,4.35,0.316,0,0,2026-06-15T06:19:27.000Z,0
283,WAIT,8,4.35,1.02,4.916,0.4465,0,2026-06-15T06:18:43.000Z,0
284,WAIT,9,1.02,1.33,4.916,0,0,2026-06-15T06:17:53.000Z,1
285,WAIT,10,1.33,1.10,4.896,0.0103,0,2026-06-15T06:17:28.000Z,1
286,WAIT,10,1.10,2.26,2.556,0,0,2026-06-15T06:16:58.000Z,1
287,WAIT,9,2.26,1.03,1.470,0.1807,0,2026-06-15T06:16:32.000Z,1
288,WAIT,9,1.03,283.94,1.470,0,0,2026-06-15T06:15:53.000Z,1
289,BET,8,283.94,1.52,0.172,14.4056,0,2026-06-15T06:15:27.000Z,1
290,BET,8,1.52,12.60,0.178,0.0101,0,2026-06-15T06:13:28.000Z,0
291,WAIT,9,12.60,1.23,3.832,0,0,2026-06-15T06:12:56.000Z,0
292,WAIT,9,1.23,1.30,3.832,0,0,2026-06-15T06:11:48.000Z,1
293,WAIT,9,1.30,1.01,2.862,0,0,2026-06-15T06:11:20.000Z,1
294,WAIT,10,1.01,1.00,2.862,0,0,2026-06-15T06:10:51.000Z,1
295,WAIT,10,1.00,5.05,2.791,0,0,2026-06-15T06:10:26.000Z,1
296,WAIT,8,5.05,1.21,3.097,0.9446,0,2026-06-15T06:10:00.000Z,0
297,WAIT,9,1.21,2.78,3.140,0.0378,0,2026-06-15T06:09:09.000Z,1
298,WAIT,9,2.78,1.24,0.583,0,0,2026-06-15T06:08:40.000Z,0
299,WAIT,9,1.24,1.03,0.583,0.0050,0,2026-06-15T06:07:57.000Z,1
300,BET,8,1.03,1.19,0.265,0,0,2026-06-15T06:07:29.000Z,0
301,WAIT,13,1.19,1.22,1.440,0,0,2026-06-15T06:07:03.000Z,1
302,WAIT,13,1.22,13.35,1.440,1.3229,0,2026-06-15T06:06:36.000Z,1
303,BET,16,13.35,1.11,1.415,2.1810,0,2026-06-15T06:06:07.000Z,1
304,WAIT,16,1.11,2.50,2.315,0.0050,0,2026-06-15T06:04:59.000Z,1
305,BET,14,2.50,1.10,2.315,2.3555,0,2026-06-15T06:04:32.000Z,1
306,WAIT,14,1.10,2.99,0.317,0.0124,0,2026-06-15T06:03:51.000Z,1
307,WAIT,11,2.99,1.08,0.317,0.3118,0,2026-06-15T06:03:24.000Z,0
308,WAIT,11,1.08,1.59,0.317,0.0727,0,2026-06-15T06:03:09.000Z,1
309,WAIT,12,1.59,1.00,3.250,0.0099,0,2026-06-15T05:53:52.000Z,1
310,WAIT,11,1.00,1.75,3.250,0,0,2026-06-15T05:53:19.000Z,1
311,WAIT,10,1.75,2.70,1.602,0.0710,0,2026-06-15T05:52:54.000Z,1
312,WAIT,12,2.70,1.11,1.769,0.0460,0,2026-06-15T05:52:17.000Z,0
313,WAIT,12,1.11,2.12,3.162,0,0,2026-06-15T05:51:36.000Z,1
314,WAIT,11,2.12,11.18,3.162,5.9377,0,2026-06-15T05:51:09.000Z,1
315,BET,9,11.18,2.29,0.187,0.2561,0,2026-06-15T05:50:31.000Z,1
316,WAIT,10,2.29,1.31,5.454,0,0,2026-06-15T05:49:26.000Z,1
317,WAIT,10,1.31,1.12,2.925,0.0164,0,2026-06-15T05:48:48.000Z,1
318,WAIT,11,1.12,16.02,2.925,0,0,2026-06-15T05:48:18.000Z,1
319,BET,11,16.02,4.90,0.243,0.6869,0,2026-06-15T05:47:51.000Z,1
320,WAIT,12,4.90,4.52,1.772,2.8163,0,2026-06-15T05:46:40.000Z,0
321,WAIT,7,4.52,1.02,0.301,0.3543,0,2026-06-15T05:45:48.000Z,0
322,WAIT,10,1.02,1.17,1.624,0,0,2026-06-15T05:44:58.000Z,1
323,BET,10,1.17,1.10,0.213,0,0,2026-06-15T05:44:32.000Z,0
324,BET,10,1.10,1.03,0.180,0,0,2026-06-15T05:44:05.000Z,0
325,WAIT,14,1.03,5.51,6.163,0,0,2026-06-15T05:43:38.000Z,1
326,WAIT,14,5.51,2.97,6.163,9.5382,0,2026-06-15T05:43:12.000Z,0
327,WAIT,11,2.97,1.22,3.332,0.1069,0,2026-06-15T05:42:20.000Z,0
328,WAIT,12,1.22,1.89,3.332,0,0,2026-06-15T05:41:37.000Z,1
329,WAIT,12,1.89,2.50,3.327,5.0630,0,2026-06-15T05:41:09.000Z,1
330,WAIT,10,2.50,1.01,3.128,4.3701,0,2026-06-15T05:40:33.000Z,0
331,WAIT,12,1.01,1.28,6.141,0,0,2026-06-15T05:39:53.000Z,1
332,WAIT,12,1.28,3.58,6.141,0.0101,0,2026-06-15T05:39:27.000Z,1
333,WAIT,12,3.58,1.22,5.236,6.1963,0,2026-06-15T05:38:58.000Z,0
334,WAIT,12,1.22,2.34,1.862,0,0,2026-06-15T05:38:12.000Z,1
335,WAIT,13,2.34,1.99,1.782,0.1677,0,2026-06-15T05:37:43.000Z,1
336,WAIT,13,1.99,1.87,3.080,0.0802,0,2026-06-15T05:37:04.000Z,1
337,WAIT,13,1.87,2.91,3.080,0.2257,0,2026-06-15T05:36:26.000Z,1
338,WAIT,10,2.91,2.59,2.621,0.0734,0,2026-06-15T05:35:51.000Z,0
339,WAIT,10,2.59,1.01,2.558,0.0794,0,2026-06-15T05:35:07.000Z,0
340,WAIT,13,1.01,6.62,2.618,0,0,2026-06-15T05:34:26.000Z,1
341,WAIT,15,6.62,4.85,1.854,0.0824,0,2026-06-15T05:34:00.000Z,0
342,BET,15,4.85,1.52,2.002,0.0779,0,2026-06-15T05:33:04.000Z,1
343,WAIT,19,1.52,21.04,2.599,0.0005,0,2026-06-15T05:32:13.000Z,1
344,WAIT,19,21.04,5.92,2.599,0.7471,0,2026-06-15T05:31:41.000Z,0
345,BET,14,5.92,1.70,1.256,0.3756,0,2026-06-15T05:30:25.000Z,1
346,BET,18,1.70,1.45,1.212,0.0146,0,2026-06-15T05:29:30.000Z,0
347,BET,18,1.45,1.76,1.212,0.0459,0,2026-06-15T05:28:57.000Z,0
348,WAIT,17,1.76,2.16,1.394,0.1388,0,2026-06-15T05:28:26.000Z,1
349,BET,16,2.16,1.49,1.494,0.6267,0,2026-06-15T05:27:51.000Z,0
350,BET,15,1.49,1.00,4.779,0.0217,0,2026-06-15T05:27:13.000Z,0
351,WAIT,16,1.00,5.05,4.779,0,0,2026-06-15T05:26:42.000Z,1
352,WAIT,18,5.05,3.76,1.127,0.4441,0,2026-06-15T05:26:16.000Z,0
353,WAIT,18,3.76,5.63,1.127,0.7011,0,2026-06-15T05:25:24.000Z,0
354,BET,15,5.63,1.80,4.543,0.0022,0,2026-06-15T05:24:37.000Z,1
355,WAIT,17,1.80,2.71,5.093,4.0631,0,2026-06-15T05:23:43.000Z,1
356,WAIT,16,2.71,3.16,3.826,0.2961,0,2026-06-15T05:23:08.000Z,0
357,BET,18,3.16,1.55,3.826,3.7671,0,2026-06-15T05:22:27.000Z,1
358,WAIT,18,1.55,5.23,3.617,3.2113,0,2026-06-15T05:21:43.000Z,1
359,WAIT,17,5.23,2.52,3.678,5.4823,0,2026-06-15T05:21:10.000Z,0
360,BET,18,2.52,1.04,4.401,4.1394,0,2026-06-15T05:20:18.000Z,1
361,WAIT,18,1.04,1.17,0.752,0.0025,0,2026-06-15T05:19:38.000Z,1
362,WAIT,15,1.17,14.50,0.763,0.0248,0,2026-06-15T05:19:12.000Z,1
363,WAIT,14,14.50,2.85,0.763,2.7061,0,2026-06-15T05:18:44.000Z,0
364,WAIT,10,2.85,8.01,0.738,0.0610,0,2026-06-15T05:17:34.000Z,0
365,BET,14,8.01,1.06,9.451,0.0328,0,2026-06-15T05:16:52.000Z,1
366,BET,17,1.06,1.42,9.451,0,0,2026-06-15T05:15:53.000Z,0
367,WAIT,20,1.42,2.30,14.860,0.0034,0,2026-06-15T05:15:27.000Z,1
368,BET,20,2.30,1.17,14.860,18.8687,0,2026-06-15T05:14:56.000Z,0
369,WAIT,20,1.17,2.70,4.265,0,0,2026-06-15T05:14:17.000Z,1
370,WAIT,16,2.70,2.00,0.942,1.0099,0,2026-06-15T05:13:50.000Z,0
371,WAIT,18,2.00,1.72,0.576,0.2993,0,2026-06-15T05:13:09.000Z,1
372,BET,18,1.72,1.33,0.937,0.2346,0,2026-06-15T05:12:32.000Z,0
373,BET,18,1.33,1.34,0.937,0.0026,0,2026-06-15T05:11:59.000Z,0
